{
    "Linear Regression": {
        "Initial Model": {
            "Train MAE": 1.02,
            "Test MAE": 1.09,
            "Feature Importance": {
                "region_encoded": 9.79273532474808,
                "Year": -1.7469403440600564,
                "risk_warning": -0.238877691175008,
                "advertisement_ban": 0.12105039300881708,
                "Continental Classification_Sub-Saharan Africa": -0.079459459246918,
                "tax_increase": 0.06425977417889048,
                "Continental Classification_Middle East & North Africa": -0.06028808700587222,
                "cessation_support": 0.0432198522023882,
                "Income Group": -0.03800712004344353,
                "Continental Classification_South Asia": -0.027765566276949604,
                "exposure_protect": -0.02004133488689874,
                "Continental Classification_Europe & Central Asia": -0.014551026073865044,
                "Cigarette_price": 0.00897782986273167,
                "Continental Classification_North America": -0.0060335324762276635,
                "media_campaign": 0.0008015149445633613,
                "Continental Classification_Latin America & Caribbean": 2.976735488601507e-06
            }
        },
        "Leave One Out Encoded": {
            "Train MAE": 1.17,
            "Test MAE": 1.25,
            "Feature Importance": {
                "region_encoded": 9.710852129725417,
                "Year": -1.9848487134033634,
                "risk_warning": -0.27784331642036036,
                "Continental Classification_Sub-Saharan Africa": -0.14973740981519068,
                "advertisement_ban": 0.1383660253771764,
                "tax_increase": 0.09387499456951318,
                "Continental Classification_Middle East & North Africa": -0.09128571347740479,
                "Income Group": -0.04717391963782681,
                "Continental Classification_Latin America & Caribbean": -0.04608421145610933,
                "cessation_support": 0.04266333951311584,
                "Continental Classification_South Asia": -0.026657245783980904,
                "exposure_protect": -0.025400662541063775,
                "Continental Classification_Europe & Central Asia": -0.019653034512144184,
                "Continental Classification_North America": -0.012262578628923852,
                "media_campaign": -0.00555507055603037,
                "Cigarette_price": -0.0038067427554245026
            }
        },
        "Models Without Region": {
            "Train MAE": 4.94,
            "Test MAE": 7.23,
            "Feature Importance": {
                "Continental Classification_Sub-Saharan Africa": -7.1032229022204305,
                "Continental Classification_Latin America & Caribbean": -5.480271944359012,
                "Continental Classification_Middle East & North Africa": -2.7348425282091813,
                "tax_increase": 2.5078047676329134,
                "Cigarette_price": -1.661843883616843,
                "risk_warning": -0.8649504659774818,
                "media_campaign": -0.7685056442469935,
                "cessation_support": -0.7479959762618194,
                "Year": -0.7305587243181356,
                "Continental Classification_North America": -0.645512659798879,
                "Continental Classification_South Asia": 0.5698100694177346,
                "Income Group": -0.49043676317152357,
                "Continental Classification_Europe & Central Asia": -0.3771277050834768,
                "exposure_protect": -0.32111235112371006,
                "advertisement_ban": 0.14935274805203247
            }
        },
        "Without Region or Continent": {
            "Train MAE": 7.21,
            "Test MAE": 7.94,
            "Feature Importance": {
                "tax_increase": 2.977190427976356,
                "Income Group": 1.9179397736047235,
                "Year": -1.9103668610493778,
                "advertisement_ban": 1.5661320360137225,
                "cessation_support": -1.0615650940980716,
                "Cigarette_price": -0.7185362346948048,
                "exposure_protect": -0.6585980935063616,
                "media_campaign": 0.2073822880408734,
                "risk_warning": -0.095579598429963
            }
        },
        "Clusters": {
            "Train MAE": 7.21,
            "Test MAE": 7.86,
            "Feature Importance": {
                "tax_increase": 2.86078711882302,
                "Year": -2.012432849311023,
                "Income Group": 1.7013594255776714,
                "advertisement_ban": 1.5444576359658002,
                "cessation_support": -1.0957234467850485,
                "Cigarette_price": -0.9308137100973279,
                "Region_Cluster": 0.7033992880547482,
                "exposure_protect": -0.6884687270511554,
                "media_campaign": 0.19756373607808084,
                "risk_warning": -0.0713689660529934
            }
        },
        "Lag": {
            "Train MAE": 7.15,
            "Test MAE": 7.83,
            "Feature Importance": {
                "tax_increase": 2.536099708203169,
                "Income Group": 2.016998746325617,
                "Year": -1.958009344169316,
                "advertisement_ban_t-2": 1.9127740575876269,
                "Cigarette_price": -1.8209075623801954,
                "Cigarette_price_t-2": 1.1092330944915885,
                "cessation_support_t-2": -1.0839931225734898,
                "tax_increase_t-2": 0.40306454107438644,
                "exposure_protect_t-2": -0.35080072752553837,
                "exposure_protect": -0.2790962632578512,
                "risk_warning_t-2": -0.26072759694309555,
                "media_campaign": 0.2082014974612023,
                "cessation_support": -0.19736089426747216,
                "media_campaign_t-2": 0.15804573176488168,
                "advertisement_ban": -0.1559513216755604,
                "risk_warning": 0.12111768963944142
            }
        }
    },
    "Decision Tree Regressor": {
        "Initial Model": {
            "Train MAE": 0.0,
            "Test MAE": 1.61
        },
        "Models Without Region": {
            "Train MAE": 0.0,
            "Test MAE": 8.29
        },
        "Without Region or Continent": {
            "Train MAE": 0.0,
            "Test MAE": 10.5
        }
    },
    "Random Forest Regressor": {
        "Initial Model": {
            "Train MAE": 1.22,
            "Test MAE": 0.24
        },
        "Models Without Region": {
            "Train MAE": 1.0,
            "Test MAE": 7.35
        },
        "Without Region or Continent": {
            "Train MAE": 1.64,
            "Test MAE": 8.79
        },
        "Optimised": {
            "Train MAE": 3.78,
            "Test MAE": 8.65
        }
    },
    "Gender": {
        "Female": {
            "Train MAE": 6.53,
            "Test MAE": 7.44,
            "Feature Importance": {
                "tax_increase": 3.934206673216454,
                "Income Group": 3.493909425314457,
                "cessation_support": -1.800257957535237,
                "advertisement_ban": 1.1897525185683377,
                "Year": -1.130316034230014,
                "risk_warning": -0.7326006579823072,
                "Cigarette_price": 0.5994691983335223,
                "media_campaign": -0.5663772174103636,
                "exposure_protect": -0.5323198248479981
            }
        },
        "Male": {
            "Train MAE": 10.82,
            "Test MAE": 11.46,
            "Feature Importance": {
                "Year": -2.6883283633056108,
                "Cigarette_price": -2.041509866339985,
                "tax_increase": 2.0246705491446755,
                "advertisement_ban": 1.9440156913581952,
                "media_campaign": 0.9793757430412218,
                "exposure_protect": -0.7796199166793993,
                "risk_warning": 0.5346282706143523,
                "Income Group": 0.3527367170266061,
                "cessation_support": -0.3257568894389444
            }
        }
    },
    "XGBoost": {
        "Optmised": {
            "Train MAE": 5.48,
            "Test MAE": 8.07
        }
    },
    "Income": {
        "High Income Group": {
            "Train MAE": 6.06,
            "Test MAE": 5.82,
            "Feature Importance": {
                "tax_increase": 4.365230166589155,
                "Cigarette_price": -2.4611820440754864,
                "exposure_protect": 1.6379963239020068,
                "cessation_support": -1.4786717595398646,
                "Year": -0.6516522177058743,
                "risk_warning": -0.552940481326476,
                "media_campaign": -0.2636371052608296,
                "advertisement_ban": 0.11606420801826778
            }
        },
        "Low Income Group": {
            "Train MAE": 4.2,
            "Test MAE": 7.01,
            "Feature Importance": {
                "tax_increase": 4.3824234518019,
                "Year": -2.33753257374234,
                "cessation_support": -1.3275505060033876,
                "advertisement_ban": -1.3097376133060141,
                "Cigarette_price": 1.0562088530527494,
                "risk_warning": 0.41167334367022457,
                "media_campaign": -0.37184400081713814,
                "exposure_protect": 0.2245323041387941
            }
        }
    },
    "Continent": {
        "South Asia": {
            "Train MAE": 3.44,
            "Test MAE": 6.2,
            "Feature Importance": {
                "Year": -5.561456711969375,
                "advertisement_ban": 2.157496166652604,
                "risk_warning": 1.9921646206517059,
                "Cigarette_price": -1.3108987020053586,
                "exposure_protect": -1.124043851214446,
                "cessation_support": 0.6008250409041012,
                "media_campaign": 0.4588707096794954,
                "tax_increase": -0.20231776370112975
            }
        },
        "Europe & Central Asia": {
            "Train MAE": 3.96,
            "Test MAE": 6.57,
            "Feature Importance": {
                "Cigarette_price": -3.875625462147215,
                "tax_increase": 3.057638958934895,
                "advertisement_ban": -1.7399345020853654,
                "exposure_protect": 1.7089205212596683,
                "cessation_support": 0.7950453064354597,
                "media_campaign": -0.7860108902519134,
                "Year": -0.5833090432135385,
                "risk_warning": -0.15732388412163045
            }
        },
        "Middle East & North Africa": {
            "Train MAE": 4.1,
            "Test MAE": 5.47,
            "Feature Importance": {
                "risk_warning": -3.570649758780139,
                "tax_increase": 3.2264442909049706,
                "exposure_protect": 3.085111326476154,
                "cessation_support": 2.7522907594314607,
                "Cigarette_price": -2.1067759811530515,
                "Year": 0.8371052493474247,
                "advertisement_ban": 0.5354843395095972,
                "media_campaign": -0.2120980742201768
            }
        },
        "Americas": {
            "Train MAE": 4.66,
            "Test MAE": 5.69,
            "Feature Importance": {
                "tax_increase": 3.509891350785011,
                "exposure_protect": -2.1421039764816214,
                "risk_warning": 1.9486602414844376,
                "Cigarette_price": -1.794667045641265,
                "Year": -1.1579453206483004,
                "advertisement_ban": -0.9226473306963399,
                "cessation_support": 0.9106109197713599,
                "media_campaign": 0.740849707907938
            }
        },
        "East Asia & Pacific": {
            "Train MAE": 4.47,
            "Test MAE": 12.21,
            "Feature Importance": {
                "risk_warning": -4.6122523207247355,
                "cessation_support": -3.2963539256799876,
                "advertisement_ban": 2.8597331793033285,
                "exposure_protect": -2.1560400115049205,
                "Year": 1.0288915331959505,
                "Cigarette_price": -0.996775513557532,
                "media_campaign": -0.7759544629477098,
                "tax_increase": 0.037631076529236696
            }
        },
        "Sub-Saharan Africa": {
            "Train MAE": 2.95,
            "Test MAE": 6.14,
            "Feature Importance": {
                "Cigarette_price": 3.0001817816479623,
                "risk_warning": -1.8586552445246214,
                "tax_increase": 1.1375270933817836,
                "Year": -1.065470765602923,
                "cessation_support": -0.834932326574504,
                "exposure_protect": 0.6197487146165961,
                "advertisement_ban": -0.44117339313319937,
                "media_campaign": -0.1856972482491599
            }
        }
    }
}